{
  "model_id": "EleutherAI/pythia-6.9b",
  "h_neurons": {
    "accuracy": 0.65,
    "precision": 0.6666666666666666,
    "recall": 0.6,
    "f1": 0.631578947368421,
    "auroc": 0.67
  },
  "random_baseline": {
    "accuracy": 0.6,
    "precision": 0.5833333333333334,
    "recall": 0.7,
    "f1": 0.6363636363636364,
    "auroc": 0.7
  },
  "n_h_neurons": 123,
  "pct_h_neurons": 0.02346038818359375
}