{
  "model_id": "EleutherAI/pythia-6.9b",
  "model_short": "pythia-6.9b",
  "dataset_variant": "fixed",
  "cett_path": "/content/drive/MyDrive/IA376/h_neurons_project/pythia-6.9b_fixed_cett_features.npz",
  "h_neurons_path": "/content/drive/MyDrive/IA376/h_neurons_project/pythia-6.9b_fixed_h_neurons.json",
  "h_neurons": {
    "accuracy": 0.8,
    "precision": 0.75,
    "recall": 0.9,
    "f1": 0.8181818181818182,
    "auroc": 0.76
  },
  "random_baseline": {
    "accuracy": 0.55,
    "precision": 0.5714285714285714,
    "recall": 0.4,
    "f1": 0.47058823529411764,
    "auroc": 0.54
  },
  "n_h_neurons": 24,
  "pct_h_neurons": 0.00457763671875,
  "total_neurons": 524288,
  "best_C": 0.1,
  "val_accuracy_grid": 0.8,
  "y_val": [
    1,
    1,
    1,
    1,
    0,
    0,
    0,
    1,
    0,
    0,
    0,
    1,
    0,
    0,
    0,
    1,
    1,
    0,
    1,
    1
  ],
  "y_pred": [
    1,
    1,
    1,
    1,
    0,
    1,
    0,
    1,
    1,
    0,
    1,
    1,
    0,
    0,
    0,
    0,
    1,
    0,
    1,
    1
  ],
  "y_prob": [
    0.5271438754750264,
    0.5843091719590312,
    0.5273299444594336,
    0.7279106295245624,
    0.3254682680115072,
    0.6932672749153408,
    0.46978907504298034,
    0.6270924199356795,
    0.7460737317411729,
    0.4309854990554831,
    0.7468726221452272,
    0.5250145714635284,
    0.38459084229832535,
    0.32730331045682876,
    0.3010588713556516,
    0.434546246568638,
    0.7565641870770837,
    0.3882297494493858,
    0.5457222155178206,
    0.9172322700071961
  ],
  "random_indices": [
    45058,
    269074,
    511495,
    399048,
    365610,
    227016,
    95708,
    412117,
    450137,
    343170,
    49374,
    236130,
    46791,
    385738,
    262327,
    405758,
    230089,
    485891,
    194404,
    276019,
    67167,
    105625,
    376158,
    440265
  ]
}