{
  "model_id": "EleutherAI/pythia-6.9b",
  "model_short": "pythia-6.9b",
  "dataset_variant": "fixed",
  "cett_path": "/content/drive/MyDrive/IA376/h_neurons_project/pythia-6.9b_fixed_cett_features.npz",
  "map_path": "/content/drive/MyDrive/IA376/h_neurons_project/pythia-6.9b_fixed_neuron_map.json",
  "n_total_neurons": 524288,
  "n_h_neurons": 24,
  "pct_h_neurons": 0.00457763671875,
  "h_neuron_indices": [
    33216,
    53650,
    56296,
    69425,
    71200,
    80321,
    91714,
    99626,
    118649,
    133452,
    136618,
    155348,
    164085,
    176186,
    178010,
    196678,
    251626,
    276150,
    318653,
    321268,
    349428,
    354276,
    356663,
    455060
  ],
  "h_neuron_weights": [
    0.041792339585669414,
    0.17392495878187594,
    0.1785022448100308,
    0.02073354308981811,
    0.146258205442984,
    0.03880014135365778,
    0.006177592335303187,
    0.042600026397017134,
    0.11995457544282956,
    0.36611375188725415,
    0.010644493454479511,
    0.013201985280386273,
    0.05984818038560861,
    0.0031701877886570733,
    0.14833249929286726,
    0.04539762231179542,
    0.06962797944404894,
    0.0016758039572576967,
    0.0033435046005333095,
    0.04644144724031918,
    0.037893234889607996,
    0.02817980738844352,
    0.005233029754969862,
    0.09479790884740932
  ],
  "n_correct_associated_neurons": 3,
  "pct_correct_associated_neurons": 0.00057220458984375,
  "n_zero_weight_neurons": 524261,
  "pct_zero_weight_neurons": 99.9948501586914,
  "h_neurons_by_layer": {
    "0": 0,
    "1": 0,
    "2": 1,
    "3": 2,
    "4": 3,
    "5": 1,
    "6": 1,
    "7": 1,
    "8": 2,
    "9": 1,
    "10": 3,
    "11": 0,
    "12": 1,
    "13": 0,
    "14": 0,
    "15": 1,
    "16": 1,
    "17": 0,
    "18": 0,
    "19": 2,
    "20": 0,
    "21": 3,
    "22": 0,
    "23": 0,
    "24": 0,
    "25": 0,
    "26": 0,
    "27": 1,
    "28": 0,
    "29": 0,
    "30": 0,
    "31": 0
  },
  "correct_neurons_by_layer": {
    "0": 1,
    "1": 0,
    "2": 0,
    "3": 0,
    "4": 0,
    "5": 0,
    "6": 0,
    "7": 0,
    "8": 0,
    "9": 0,
    "10": 0,
    "11": 0,
    "12": 0,
    "13": 0,
    "14": 0,
    "15": 0,
    "16": 0,
    "17": 0,
    "18": 0,
    "19": 0,
    "20": 0,
    "21": 0,
    "22": 0,
    "23": 0,
    "24": 0,
    "25": 2,
    "26": 0,
    "27": 0,
    "28": 0,
    "29": 0,
    "30": 0,
    "31": 0
  },
  "top_h_neurons": [
    {
      "global_idx": 133452,
      "weight": 0.36611375188725415,
      "layer_idx": 8,
      "layer_name": "gpt_neox.layers.8.mlp",
      "local_neuron_idx": 2380
    },
    {
      "global_idx": 56296,
      "weight": 0.1785022448100308,
      "layer_idx": 3,
      "layer_name": "gpt_neox.layers.3.mlp",
      "local_neuron_idx": 7144
    },
    {
      "global_idx": 53650,
      "weight": 0.17392495878187594,
      "layer_idx": 3,
      "layer_name": "gpt_neox.layers.3.mlp",
      "local_neuron_idx": 4498
    },
    {
      "global_idx": 178010,
      "weight": 0.14833249929286726,
      "layer_idx": 10,
      "layer_name": "gpt_neox.layers.10.mlp",
      "local_neuron_idx": 14170
    },
    {
      "global_idx": 71200,
      "weight": 0.146258205442984,
      "layer_idx": 4,
      "layer_name": "gpt_neox.layers.4.mlp",
      "local_neuron_idx": 5664
    },
    {
      "global_idx": 118649,
      "weight": 0.11995457544282956,
      "layer_idx": 7,
      "layer_name": "gpt_neox.layers.7.mlp",
      "local_neuron_idx": 3961
    },
    {
      "global_idx": 455060,
      "weight": 0.09479790884740932,
      "layer_idx": 27,
      "layer_name": "gpt_neox.layers.27.mlp",
      "local_neuron_idx": 12692
    },
    {
      "global_idx": 251626,
      "weight": 0.06962797944404894,
      "layer_idx": 15,
      "layer_name": "gpt_neox.layers.15.mlp",
      "local_neuron_idx": 5866
    },
    {
      "global_idx": 164085,
      "weight": 0.05984818038560861,
      "layer_idx": 10,
      "layer_name": "gpt_neox.layers.10.mlp",
      "local_neuron_idx": 245
    },
    {
      "global_idx": 321268,
      "weight": 0.04644144724031918,
      "layer_idx": 19,
      "layer_name": "gpt_neox.layers.19.mlp",
      "local_neuron_idx": 9972
    },
    {
      "global_idx": 196678,
      "weight": 0.04539762231179542,
      "layer_idx": 12,
      "layer_name": "gpt_neox.layers.12.mlp",
      "local_neuron_idx": 70
    },
    {
      "global_idx": 99626,
      "weight": 0.042600026397017134,
      "layer_idx": 6,
      "layer_name": "gpt_neox.layers.6.mlp",
      "local_neuron_idx": 1322
    },
    {
      "global_idx": 33216,
      "weight": 0.041792339585669414,
      "layer_idx": 2,
      "layer_name": "gpt_neox.layers.2.mlp",
      "local_neuron_idx": 448
    },
    {
      "global_idx": 80321,
      "weight": 0.03880014135365778,
      "layer_idx": 4,
      "layer_name": "gpt_neox.layers.4.mlp",
      "local_neuron_idx": 14785
    },
    {
      "global_idx": 349428,
      "weight": 0.037893234889607996,
      "layer_idx": 21,
      "layer_name": "gpt_neox.layers.21.mlp",
      "local_neuron_idx": 5364
    },
    {
      "global_idx": 354276,
      "weight": 0.02817980738844352,
      "layer_idx": 21,
      "layer_name": "gpt_neox.layers.21.mlp",
      "local_neuron_idx": 10212
    },
    {
      "global_idx": 69425,
      "weight": 0.02073354308981811,
      "layer_idx": 4,
      "layer_name": "gpt_neox.layers.4.mlp",
      "local_neuron_idx": 3889
    },
    {
      "global_idx": 155348,
      "weight": 0.013201985280386273,
      "layer_idx": 9,
      "layer_name": "gpt_neox.layers.9.mlp",
      "local_neuron_idx": 7892
    },
    {
      "global_idx": 136618,
      "weight": 0.010644493454479511,
      "layer_idx": 8,
      "layer_name": "gpt_neox.layers.8.mlp",
      "local_neuron_idx": 5546
    },
    {
      "global_idx": 91714,
      "weight": 0.006177592335303187,
      "layer_idx": 5,
      "layer_name": "gpt_neox.layers.5.mlp",
      "local_neuron_idx": 9794
    }
  ],
  "best_C": 0.1,
  "val_accuracy": 0.8,
  "l1_intercept": 0.0
}